{
  "project": "/home/cyberboyz/connectatx-fundraiser",
  "template_roots": [
    "app/templates",
    "fundchamps/app/templates",
    "fundchamps/starforge-backup-1752054093/app/templates",
    "fundchamps/starforge-backup-1752052578/app/templates",
    "fundchamps/starforge-backup-1752054107/app/templates",
    "fundchamps/starforge-backup-1752075145/app/templates",
    "fundchamps/venv/lib/python3.12/site-packages/alembic/templates",
    "fundchamps/venv/lib/python3.12/site-packages/flask_migrate/templates",
    "fundchamps/starforge-backup-1752076316/app/templates",
    "fundchamps/starforge-backup-1752075033/app/templates",
    "fundchamps/.venv/lib/python3.12/site-packages/alembic/templates",
    "fundchamps/.venv/lib/python3.12/site-packages/flask_migrate/templates",
    "fundchamps/starforge-backup-1752069602/app/templates",
    "fundchamps/starforge-backup-1752076511/app/templates",
    "fundchamps/starforge-backup-1752076154/app/templates",
    "fundchamps/starforge-backup-1752054286/app/templates",
    "fundchamps/starforge-backup-1752054176/app/templates",
    "fundchamps/starforge-backup-1752054367/app/templates",
    "fundchamps/starforge-backup-1752074974/app/templates",
    "fundchamps/starforge-backup-1752053148/app/templates",
    "fundchamps/starforge-backup-1752053495/app/templates",
    "venv/lib/python3.12/site-packages/alembic/templates",
    "venv/lib/python3.12/site-packages/flask_migrate/templates",
    "_archive/20250825-233219/app/templates",
    "_archive/20250825-233219/starforge-backup-1752054093/app/templates",
    "_archive/20250825-233219/starforge-backup-1752052578/app/templates",
    "_archive/20250825-233219/starforge-backup-1752054107/app/templates",
    "_archive/20250825-233219/starforge-backup-1752075145/app/templates",
    "_archive/20250825-233219/starforge-backup-1752076316/app/templates",
    "_archive/20250825-233219/starforge-backup-1752075033/app/templates",
    "_archive/20250825-233219/partials_bundle_extracted/app/templates",
    "_archive/20250825-233219/partials_bundle_2025-08-20/app/templates",
    "_archive/20250825-233219/starforge-backup-1752069602/app/templates",
    "_archive/20250825-233219/starforge-backup-1752076511/app/templates",
    "_archive/20250825-233219/starforge-backup-1752076154/app/templates",
    "_archive/20250825-233219/starforge-backup-1752054286/app/templates",
    "_archive/20250825-233219/starforge-backup-1752054176/app/templates",
    "_archive/20250825-233219/starforge-backup-1752054367/app/templates",
    "_archive/20250825-233219/starforge-backup-1752074974/app/templates",
    "_archive/20250825-233219/starforge-backup-1752053148/app/templates",
    "_archive/20250825-233219/starforge-backup-1752053495/app/templates",
    "fundchamps_mvp_refactored/app/templates",
    "node_modules/browser-sync-ui/templates",
    "node_modules/browser-sync/templates",
    "node_modules/@lhci/cli/node_modules/puppeteer-core/src/templates",
    "node_modules/@lhci/utils/node_modules/puppeteer-core/src/templates",
    "node_modules/@puppeteer/browsers/src/templates",
    "node_modules/puppeteer-core/src/templates"
  ],
  "files_changed": [],
  "summary": {
    "num_roots": 48,
    "num_files_changed": 0
  }
}
