{
  "created_at": "2025-10-06T06:02:39.800095+00:00",
  "tool": "make_bundle.py",
  "commit": "cd6e19e5ef31649000f2d59ddb8d8d177ac60e55",
  "branch": "main",
  "status_short": "M .github/workflows/ci.yml\n M Makefile\n M PATCH_README.md\n M _archive/20250825-233219/app/templates/premium/flash_and_onboarding_premium.html\n M _archive/20250825-233219/app/templates/premium/funds_allocation_bar_premium.html\n M _archive/20250825-233219/app/templates/premium/impact_challenge_coaches_premium.html\n M _archive/20250825-233219/app/templates/premium/impact_lockers_premium.html\n M _archive/20250825-233219/app/templates/shared/macros.html\n M _archive/20250825-233219/app/templates/shared/shared/components/about_section.html\n M _archive/20250825-233219/app/templates/shared/ui_bootstrap.html\n M _archive/20250825-233219/backups/2025-08-18-1700/admin/admin_onboarding_popover.html\n M _archive/20250825-233219/backups/2025-08-18-1700/admin/ai_concierge.html\n M _archive/20250825-233219/backups/2025-08-18-1700/admin/base.html\n M _archive/20250825-233219/backups/2025-08-18-1700/admin/dashboard.html\n M _archive/20250825-233219/backups/2025-08-18-1700/admin/sponsors.html\n M _archive/20250825-233219/backups/2025-08-18-1700/partials/about_section.html\n M _archive/20250825-233219/backups/2025-08-18-1700/partials/back_to_top.html\n M _archive/20250825-233219/backups/2025-08-18-1700/partials/donation_modal.html\n M _archive/20250825-233219/backups/2025-08-18-1700/partials/footer.html\n M _archive/20250825-233219/backups/2025-08-18-1700/partials/fundraiser_meter.html\n M _archive/20250825-233219/backups/2025-08-18-1700/partials/header_and_announcement.html\n M _archive/20250825-233219/backups/2025-08-18-1700/partials/header_sponsor_ticker.html\n M _archive/20250825-233219/backups/2025-08-18-1700/partials/hero_and_fundraiser.html\n M _archive/20250825-233219/backups/2025-08-18-1700/partials/layout_bands.html\n M _archive/20250825-233219/backups/2025-08-18-1700/partials/meter_strip.html\n M _archive/20250825-233219/backups/2025-08-18-1700/partials/newsletter.html\n M _archive/20250825-233219/backups/2025-08-18-1700/partials/program_stats_and_calendar.html\n M _archive/20250825-233219/backups/2025-08-18-1700/partials/sponsor_form.html\n M _archive/20250825-233219/backups/2025-08-18-1700/partials/sponsor_hub.html\n M _archive/20250825-233219/backups/2025-08-18-1700/partials/sponsor_spotlight.html\n M _archive/20250825-233219/backups/2025-08-18-1700/partials/sponsor_wall.html\n M _archive/20250825-233219/backups/2025-08-18-1700/partials/sponsor_wall_widget.html\n M _archive/20250825-233219/backups/2025-08-18-1700/partials/sticky_cta_manager.html\n M _archive/20250825-233219/backups/2025-08-18-1700/partials/tiers.html\n M _archive/20250825-233219/backups/2025-08-18-1700/premium/flash_and_onboarding_premium.html\n M _archive/20250825-233219/backups/2025-08-18-1700/premium/funds_allocation_bar_premium.html\n M _archive/20250825-233219/backups/2025-08-18-1700/premium/impact_challenge_coaches_premium.html\n M _archive/20250825-233219/backups/2025-08-18-1700/premium/impact_lockers_premium.html\n M _archive/20250825-233219/backups/2025-08-18-1700/shared/macros.html\n M _archive/20250825-233219/backups/2025-08-18-1700/shared/ui_bootstrap.html\n M _archive/20250825-233219/partials_bundle_2025-08-20/app/templates/partials/about_section.html\n M _archive/20250825-233219/partials_bundle_2025-08-20/app/templates/partials/admin_onboarding_popover.html\n M _archive/20250825-233219/partials_bundle_2025-08-20/app/templates/partials/ai_concierge.html\n M _archive/20250825-233219/partials_bundle_2025-08-20/app/templates/partials/back_to_top.html\n M _archive/20250825-233219/partials_bundle_2025-08-20/app/templates/partials/donation_modal.html\n M _archive/20250825-233219/partials_bundle_2025-08-20/app/templates/partials/faq_minimal.html\n M _archive/20250825-233219/partials_bundle_2025-08-20/app/templates/partials/flash_and_onboarding_premium.html\n M _archive/20250825-233219/partials_bundle_2025-08-20/app/templates/partials/footer.html\n M _archive/20250825-233219/partials_bundle_2025-08-20/app/templates/partials/fundraiser_meter.html\n M _archive/20250825-233219/partials_bundle_2025-08-20/app/templates/partials/funds_allocation_bar_premium.html\n M _archive/20250825-233219/partials_bundle_2025-08-20/app/templates/partials/header_and_announcement.html\n M _archive/20250825-233219/partials_bundle_2025-08-20/app/templates/partials/header_sponsor_ticker.html\n M _archive/20250825-233219/partials_bundle_2025-08-20/app/templates/partials/hero_and_fundraiser.html\n M _archive/20250825-233219/partials_bundle_2025-08-20/app/templates/partials/impact_challenge_coaches_premium.html\n M _archive/20250825-233219/partials_bundle_2025-08-20/app/templates/partials/impact_lockers_premium.html\n M _archive/20250825-233219/partials_bundle_2025-08-20/app/templates/partials/layout_bands.html\n M _archive/20250825-233219/partials_bundle_2025-08-20/app/templates/partials/macros.html\n M _archive/20250825-233219/partials_bundle_2025-08-20/app/templates/partials/meter_strip.html\n M _archive/20250825-233219/partials_bundle_2025-08-20/app/templates/partials/newsletter.html\n M _archive/20250825-233219/partials_bundle_2025-08-20/app/templates/partials/program_stats_and_calendar.html\n M _archive/20250825-233219/partials_bundle_2025-08-20/app/templates/partials/sponsor_form.html\n M _archive/20250825-233219/partials_bundle_2025-08-20/app/templates/partials/sponsor_hub.html\n M _archive/20250825-233219/partials_bundle_2025-08-20/app/templates/partials/sponsor_spotlight.html\n M _archive/20250825-233219/partials_bundle_2025-08-20/app/templates/partials/sponsor_ticker.html\n M _archive/20250825-233219/partials_bundle_2025-08-20/app/templates/partials/sponsor_wall.html\n M _archive/20250825-233219/partials_bundle_2025-08-20/app/templates/partials/sponsor_wall_widget.html\n M _archive/20250825-233219/partials_bundle_2025-08-20/app/templates/partials/sticky_cta_manager.html\n M _archive/20250825-233219/partials_bundle_2025-08-20/app/templates/partials/testimonial_popover.html\n M _archive/20250825-233219/partials_bundle_2025-08-20/app/templates/partials/testimonial_scrollbar.html\n M _archive/20250825-233219/partials_bundle_2025-08-20/app/templates/partials/tiers.html\n M _archive/20250825-233219/partials_bundle_2025-08-20/app/templates/partials/ui_bootstrap.html\n M _archive/20250825-233219/partials_bundle_extracted/app/templates/partials/about_section.html\n M _archive/20250825-233219/partials_bundle_extracted/app/templates/partials/admin_onboarding_popover.html\n M _archive/20250825-233219/partials_bundle_extracted/app/templates/partials/ai_concierge.html\n M _archive/20250825-233219/partials_bundle_extracted/app/templates/partials/back_to_top.html\n M _archive/20250825-233219/partials_bundle_extracted/app/templates/partials/donation_modal.html\n M _archive/20250825-233219/partials_bundle_extracted/app/templates/partials/faq_minimal.html\n M _archive/20250825-233219/partials_bundle_extracted/app/templates/partials/flash_and_onboarding_premium.html\n M _archive/20250825-233219/partials_bundle_extracted/app/templates/partials/footer.html\n M _archive/20250825-233219/partials_bundle_extracted/app/templates/partials/fundraiser_meter.html\n M _archive/20250825-233219/partials_bundle_extracted/app/templates/partials/funds_allocation_bar_premium.html\n M _archive/20250825-233219/partials_bundle_extracted/app/templates/partials/header_and_announcement.html\n M _archive/20250825-233219/partials_bundle_extracted/app/templates/partials/header_sponsor_ticker.html\n M _archive/20250825-233219/partials_bundle_extracted/app/templates/partials/hero_and_fundraiser.html\n M _archive/20250825-233219/partials_bundle_extracted/app/templates/partials/impact_challenge_coaches_premium.html\n M _archive/20250825-233219/partials_bundle_extracted/app/templates/partials/impact_lockers_premium.html\n M _archive/20250825-233219/partials_bundle_extracted/app/templates/partials/layout_bands.html\n M _archive/20250825-233219/partials_bundle_extracted/app/templates/partials/macros.html\n M _archive/20250825-233219/partials_bundle_extracted/app/templates/partials/meter_strip.html\n M _archive/20250825-233219/partials_bundle_extracted/app/templates/partials/newsletter.html\n M _archive/20250825-233219/partials_bundle_extracted/app/templates/partials/program_stats_and_calendar.html\n M _archive/20250825-233219/partials_bundle_extracted/app/templates/partials/sponsor_form.html\n M _archive/20250825-233219/partials_bundle_extracted/app/templates/partials/sponsor_hub.html\n M _archive/20250825-233219/partials_bundle_extracted/app/templates/partials/sponsor_spotlight.html\n M _archive/20250825-233219/partials_bundle_extracted/app/templates/partials/sponsor_ticker.html\n M _archive/20250825-233219/partials_bundle_extracted/app/templates/partials/sponsor_wall.html\n M _archive/20250825-233219/partials_bundle_extracted/app/templates/partials/sponsor_wall_widget.html\n M _archive/20250825-233219/partials_bundle_extracted/app/templates/partials/sticky_cta_manager.html\n M _archive/20250825-233219/partials_bundle_extracted/app/templates/partials/testimonial_popover.html\n M _archive/20250825-233219/partials_bundle_extracted/app/templates/partials/testimonial_scrollbar.html\n M _archive/20250825-233219/partials_bundle_extracted/app/templates/partials/tiers.html\n M _archive/20250825-233219/partials_bundle_extracted/app/templates/partials/ui_bootstrap.html\nRM app/templates/partials/sponsor_leaderboard.html.bak -> _archive/app/templates/partials/sponsor_leaderboard.html.bak\nMM app/__init__.py\n M app/admin/dashboard.html\n M app/data/app.db\n M app/routes/main.py\n D app/static/_unused/20250812/alpine.min.js\n D app/static/_unused/20250812/confetti.js\n D app/static/_unused/20250812/htmx.min.js\n D app/static/_unused/20250812/main.js\n D app/static/_unused/20250812/quotes.js\n D app/static/_unused/20250812/robots.txt\n D app/static/_unused/20250812/socket.io.js\n D app/static/asset-manifest.json\n D app/static/css/_fc-rhythm.css\n M app/static/css/app.min.css\n D app/static/css/app.min.css.bak\n D app/static/css/fc-hero.v6.1.css\n D app/static/css/fc-prestige-unified.css\n D app/static/css/fc-prestige-unified.css.bak\n D app/static/css/fc-prestige-unified.css.bak-20250828-230743\n D app/static/css/fc-prestige-unified.css.bak-20250829-114319\n D app/static/css/fc-tokens.css\n D app/static/css/fc_elite.css\n D app/static/css/fc_holo.css\n D app/static/css/globals.css.bak-20250828-230743\n M app/static/css/input.css\n D app/static/css/input.css.bak\n D app/static/css/input.css.bak-1756486822\n D app/static/css/input.css.bak-1756486906\n D app/static/css/input.css.bak-20250829-114319\n D app/static/css/input.css.bak-20250905-143923\n D app/static/css/output.css\n D app/static/css/starforge-additions.css\n D app/static/css/starforge-tokens.css\n D app/static/css/starforge.min.css\n D app/static/css/starforge.min.css.bak\n M app/static/css/tailwind.min.css\n D app/static/css/tailwind.min.css.bak\n D app/static/css/tailwind.min.css.bak-20250828-230743\n D app/static/css/themes.css\n D app/static/css/tokens.css\n D app/static/css/tokens.css.bak\n D app/static/images/fundchamps-logo.svg\n D app/static/images/hero/hero-lqip.txt\n D app/static/img/logo.svg\n M app/static/js/app.entry.js\n M app/static/js/app.entry.js.gz\n D app/static/js/brand.js\n D app/static/js/bundle-meta.json\n D app/static/js/bundle-report.txt\n D app/static/js/bundle.min.js\n D app/static/js/fc-hero.v6.1.js\n D app/static/js/fc-ui.js\n D app/static/js/fc_prestige.js\n M app/static/js/fc_prestige.js.gz\n D app/static/js/lazy-img.js\n D app/static/js/payments.js\n M app/static/js/payments.js.gz\n D app/static/js/qrcode.min.js\n D app/static/js/starforge_enhancements.js\n M app/static/js/starforge_enhancements.js.gz\n D app/static/js/ux.js\n D app/static/robots.txt\n M app/static/sitemap.xml\n M app/static/sw.js\n D app/static/ux/README-INSTALL.txt\n D app/static/ux/ab.js\n D app/static/ux/announcement.js\n D app/static/ux/autotag.js\n D app/static/ux/badges.js\n D app/static/ux/base-core.css\n D app/static/ux/base-core.js\n D app/static/ux/confetti.js\n D app/static/ux/countdown.js\n D app/static/ux/counters.js\n D app/static/ux/donate-modal.js\n D app/static/ux/elite.css\n D app/static/ux/favicon.js\n D app/static/ux/formguard.js\n D app/static/ux/header.js\n D app/static/ux/hints.js\n D app/static/ux/hotkeys.js\n D app/static/ux/init.js\n D app/static/ux/kiosk.js\n D app/static/ux/lazyimg.js\n D app/static/ux/micro.js\n D app/static/ux/page-fundraiser.css\n D app/static/ux/page-fundraiser.js\n M app/static/ux/partials-announcement.html\n M app/static/ux/partials-donor-ticker.html\n M app/static/ux/partials-sponsors.html\n D app/static/ux/pro.js\n D app/static/ux/pwa.js\n D app/static/ux/share.js\n D app/static/ux/skeleton.js\n D app/static/ux/smartpay.js\n D app/static/ux/sponsors.js\n D app/static/ux/stripe-seal.svg\n D app/static/ux/stripe.js\n D app/static/ux/sw.js\n D app/static/ux/theme.js\n D app/static/ux/ticker.js\n D app/static/ux/utm.js\n M app/templates/about.html\n M app/templates/about.html.bak\n M app/templates/admin/admin_onboarding_popover.html\n M app/templates/admin/admin_onboarding_popover.html.bak\n M app/templates/admin/ai_concierge.html\n M app/templates/admin/ai_concierge.html.bak\n M app/templates/admin/base.html\n M app/templates/admin/base.html.bak\n M app/templates/admin/dashboard.html\n M app/templates/admin/dashboard.html.bak\n M app/templates/admin/sponsors.html\n M app/templates/admin/sponsors.html.bak\n M app/templates/base.html\n M app/templates/base.html.bak\n M app/templates/base.html.bak-20250915-165323\n M app/templates/base.html.bak-elite\n M app/templates/base.html.bak-elite-1757183054\n M app/templates/base.html.bak-elite-1757185400\n M app/templates/base.html.bak-keep-haa-1757185544\n M app/templates/components/faq.minimal.jinja\n M app/templates/components/sticky_dock.html\n M app/templates/dev/stripe_smoke.html\n M app/templates/dev/styleguide.html\n M app/templates/dev/styleguide.html.bak\n M app/templates/donate.html\n M app/templates/donate.html.bak\n M app/templates/error.html\n M app/templates/error.html.bak\n M app/templates/fundraiser.html\n M app/templates/fundraiser.html.bak\n M app/templates/index.html\n M app/templates/index.html.bak\n M app/templates/index.html.bak-20250915-165323\n M app/templates/macros/confetti.html\n M app/templates/macros/confetti.html.bak\n M app/templates/macros/progress.html\n M app/templates/macros/progress.html.bak\n M app/templates/macros/sponsor_card.html\n M app/templates/macros/sponsor_card.html.bak\n M app/templates/macros/starforge.html\n M app/templates/macros/starforge.html.bak\n M app/templates/macros/ui.html\n M app/templates/macros/ui.html.bak\nAM app/templates/partials/_autopatch.html\nMM app/templates/partials/_core_helpers.html\nMM app/templates/partials/_elite_header.html\nM  app/templates/partials/_fc_hero.placeholder\nMM app/templates/partials/_fmt.html\nMM app/templates/partials/_kpi_fragment.html\nAM app/templates/partials/_nonce.html\nM  app/templates/partials/_tiers_svelite_6_3.html.jinja\nMM app/templates/partials/_ux_includes.html\nMM app/templates/partials/about.html\nM  app/templates/partials/about.html.bak\nMM app/templates/partials/about_card.html\nM  app/templates/partials/about_card.html.bak\nMM app/templates/partials/about_section.html\nM  app/templates/partials/about_section.html.bak\nMM app/templates/partials/admin_onboarding_popover.html\nM  app/templates/partials/admin_onboarding_popover.html.bak\nMM app/templates/partials/ai_concierge.html\nM  app/templates/partials/ai_concierge.html.bak\nMM app/templates/partials/back_to_top.html\nM  app/templates/partials/back_to_top.html.bak\n M app/templates/partials/csp_macros.html\nMM app/templates/partials/donation_modal.html\nM  app/templates/partials/donation_modal.html.bak\nMM app/templates/partials/faq_minimal.html\nM  app/templates/partials/faq_minimal.html.bak\nMM app/templates/partials/flash_and_onboarding_premium.html\nM  app/templates/partials/flash_and_onboarding_premium.html.bak\nMM app/templates/partials/footer.html\nM  app/templates/partials/footer.html.bak\nAM app/templates/partials/forms.html\nMM app/templates/partials/fundraiser_meter.html\nM  app/templates/partials/fundraiser_meter.html.bak\nMM app/templates/partials/funds_allocation_bar_premium.html\nM  app/templates/partials/funds_allocation_bar_premium.html.bak\nMM app/templates/partials/header_and_announcement.html\nM  app/templates/partials/header_and_announcement.html.bak\nMM app/templates/partials/header_sponsor_ticker.html\nM  app/templates/partials/header_sponsor_ticker.html.bak\nMM app/templates/partials/hero_and_fundraiser.html\nM  app/templates/partials/hero_and_fundraiser.html.bak\nM  app/templates/partials/hero_and_fundraiser.html.bak-20250905-143923\nMM app/templates/partials/hero_bar.html\nMM app/templates/partials/hero_billboard.html\nM  app/templates/partials/hero_billboard.html.bak\nM  app/templates/partials/hero_billboard.html.bak-20250828-230743\nAM app/templates/partials/hero_classic.html\nA  app/templates/partials/hero_classic.html.bak\nAM app/templates/partials/hero_neo.html\nAM app/templates/partials/home_neo.html\nMM app/templates/partials/impact_board.html\nA  app/templates/partials/impact_board.html.bak\nMM app/templates/partials/impact_challenge_coaches_premium.html\nM  app/templates/partials/impact_challenge_coaches_premium.html.bak\nM  app/templates/partials/impact_challenge_coaches_premium.html.bak-20250828-230743\nMM app/templates/partials/impact_lockers_premium.html\nMM app/templates/partials/impact_shot.html\nA  app/templates/partials/impact_shot.html.bak\nMM app/templates/partials/layout_bands.html\nM  app/templates/partials/layout_bands.html.bak\nMM app/templates/partials/macros.html\nM  app/templates/partials/macros.html.bak\nMM app/templates/partials/meter_strip.html\nM  app/templates/partials/meter_strip.html.bak\nMM app/templates/partials/mid_cta_ribbon.html\nMM app/templates/partials/mobile_dock.html\nMM app/templates/partials/newsletter.html\nM  app/templates/partials/newsletter.html.bak\nA  app/templates/partials/polish_css.py\nMM app/templates/partials/program_stats_and_calendar.html\nM  app/templates/partials/program_stats_and_calendar.html.bak\nMM app/templates/partials/section_about.html\nMM app/templates/partials/section_impact.html\nMM app/templates/partials/section_tiers.html\nMM app/templates/partials/seo_jsonld_donate_action.html\nM  app/templates/partials/seo_jsonld_donate_action.html.bak\nMM app/templates/partials/share_bar.html\nM  app/templates/partials/share_bar.html.bak\nMM app/templates/partials/sponsor_form.html\nM  app/templates/partials/sponsor_form.html.bak\nMM app/templates/partials/sponsor_hub.html\nM  app/templates/partials/sponsor_hub.html.bak\nM  app/templates/partials/sponsor_hub.html.bak-20250828-230743\nMM app/templates/partials/sponsor_leaderboard.html\nMM app/templates/partials/sponsor_spotlight.html\nM  app/templates/partials/sponsor_spotlight.html.bak\nM  app/templates/partials/sponsor_spotlight.html.bak-20250828-230743\nMM app/templates/partials/sponsor_ticker.html\nM  app/templates/partials/sponsor_ticker.html.bak\nMM app/templates/partials/sponsor_wall.html\nM  app/templates/partials/sponsor_wall.html.bak\nMM app/templates/partials/sponsor_wall_widget.html\nM  app/templates/partials/sponsor_wall_widget.html.bak\nMM app/templates/partials/sponsor_wall_widget_empty.html\nM  app/templates/partials/sponsor_wall_widget_empty.html.bak\nMM app/templates/partials/sticky_cta_manager.html\nM  app/templates/partials/sticky_cta_manager.html.bak\nMM app/templates/partials/testimonial_popover.html\nM  app/templates/partials/testimonial_popover.html.bak\nMM app/templates/partials/testimonial_scrollbar.html\nM  app/templates/partials/testimonial_scrollbar.html.bak\nMM app/templates/partials/tiers.html\nM  app/templates/partials/tiers.html.bak\nM  app/templates/partials/tiers.html.bak-20250828-230743\nAM app/templates/partials/tiles_3grid.html\nA  app/templates/partials/tiles_3grid.html.bak\nAM app/templates/partials/tiles_3grid_sheet.html\nMM app/templates/partials/ui_bootstrap.html\nM  app/templates/partials/ui_bootstrap.html.bak\nM  app/templates/partials/ui_bootstrap.html.bak-20250828-230743\n M app/templates/sponsor.html\n M app/templates/sponsor.html.bak\n M app/templates/sponsors.html\n M app/templates/sponsors.html.bak\n M docker/README_DEPLOY.md\n M fc-hero-sv-elite-6.2.html\n M fundchamps-ready/templates/base.html\n M fundchamps-ready/templates/index.html\n M fundchamps-ready/templates/partials/hero_and_fundraiser.html\n M fundchamps-ready/templates/partials/sponsor_leaderboard.html\n M fundchamps-ready/templates/partials/tiers.html\n M fundchamps_mvp_refactored/app/admin/dashboard.html\n M fundchamps_mvp_refactored/app/templates/about.html\n M fundchamps_mvp_refactored/app/templates/admin/admin_onboarding_popover.html\n M fundchamps_mvp_refactored/app/templates/admin/ai_concierge.html\n M fundchamps_mvp_refactored/app/templates/admin/base.html\n M fundchamps_mvp_refactored/app/templates/admin/dashboard.html\n M fundchamps_mvp_refactored/app/templates/admin/sponsors.html\n M fundchamps_mvp_refactored/app/templates/base.html\n M fundchamps_mvp_refactored/app/templates/dev/styleguide.html\n M fundchamps_mvp_refactored/app/templates/donate.html\n M fundchamps_mvp_refactored/app/templates/error.html\n M fundchamps_mvp_refactored/app/templates/index.html\n M fundchamps_mvp_refactored/app/templates/macros/about.html\n M fundchamps_mvp_refactored/app/templates/macros/confetti.html\n M fundchamps_mvp_refactored/app/templates/macros/hero.html\n M fundchamps_mvp_refactored/app/templates/macros/progress.html\n M fundchamps_mvp_refactored/app/templates/macros/sections.html\n M fundchamps_mvp_refactored/app/templates/macros/sponsor_card.html\n M fundchamps_mvp_refactored/app/templates/macros/starforge.html\n M fundchamps_mvp_refactored/app/templates/macros/tiers.html\n M fundchamps_mvp_refactored/app/templates/macros/ui.html\n M fundchamps_mvp_refactored/app/templates/partials/_kpi_fragment.html\n M fundchamps_mvp_refactored/app/templates/partials/about.html\n M fundchamps_mvp_refactored/app/templates/partials/about_card.html\n M fundchamps_mvp_refactored/app/templates/partials/about_section.html\n M fundchamps_mvp_refactored/app/templates/partials/admin_onboarding_popover.html\n M fundchamps_mvp_refactored/app/templates/partials/ai_concierge.html\n M fundchamps_mvp_refactored/app/templates/partials/back_to_top.html\n M fundchamps_mvp_refactored/app/templates/partials/csp_macros.html\n M fundchamps_mvp_refactored/app/templates/partials/donation_modal.html\n M fundchamps_mvp_refactored/app/templates/partials/faq_minimal.html\n M fundchamps_mvp_refactored/app/templates/partials/flash_and_onboarding_premium.html\n M fundchamps_mvp_refactored/app/templates/partials/footer.html\n M fundchamps_mvp_refactored/app/templates/partials/fundraiser_meter.html\n M fundchamps_mvp_refactored/app/templates/partials/funds_allocation_bar_premium.html\n M fundchamps_mvp_refactored/app/templates/partials/header_and_announcement.html\n M fundchamps_mvp_refactored/app/templates/partials/header_sponsor_ticker.html\n M fundchamps_mvp_refactored/app/templates/partials/header_sponsor_ticker.html.bak\n M fundchamps_mvp_refactored/app/templates/partials/hero_and_fundraiser.html\n M fundchamps_mvp_refactored/app/templates/partials/hero_billboard.html\n M fundchamps_mvp_refactored/app/templates/partials/impact_challenge_coaches_premium.html\n M fundchamps_mvp_refactored/app/templates/partials/impact_lockers_premium.html\n M fundchamps_mvp_refactored/app/templates/partials/layout_bands.html\n M fundchamps_mvp_refactored/app/templates/partials/macros.html\n M fundchamps_mvp_refactored/app/templates/partials/meter_strip.html\n M fundchamps_mvp_refactored/app/templates/partials/mid_cta_ribbon.html\n M fundchamps_mvp_refactored/app/templates/partials/newsletter.html\n M fundchamps_mvp_refactored/app/templates/partials/program_stats_and_calendar.html\n M fundchamps_mvp_refactored/app/templates/partials/seo_jsonld_donate_action.html\n M fundchamps_mvp_refactored/app/templates/partials/share_bar.html\n M fundchamps_mvp_refactored/app/templates/partials/sponsor_form.html\n M fundchamps_mvp_refactored/app/templates/partials/sponsor_hub.html\n M fundchamps_mvp_refactored/app/templates/partials/sponsor_leaderboard.html\n M fundchamps_mvp_refactored/app/templates/partials/sponsor_leaderboard.html.bak\n M fundchamps_mvp_refactored/app/templates/partials/sponsor_spotlight.html\n M fundchamps_mvp_refactored/app/templates/partials/sponsor_ticker.html\n M fundchamps_mvp_refactored/app/templates/partials/sponsor_wall.html\n M fundchamps_mvp_refactored/app/templates/partials/sponsor_wall_widget.html\n M fundchamps_mvp_refactored/app/templates/partials/sponsor_wall_widget_empty.html\n M fundchamps_mvp_refactored/app/templates/partials/sticky_cta_manager.html\n M fundchamps_mvp_refactored/app/templates/partials/testimonial_popover.html\n M fundchamps_mvp_refactored/app/templates/partials/testimonial_scrollbar.html\n M fundchamps_mvp_refactored/app/templates/partials/tiers.html\n M fundchamps_mvp_refactored/app/templates/partials/ui_bootstrap.html\n M fundchamps_mvp_refactored/app/templates/sponsor.html\n M fundchamps_mvp_refactored/app/templates/sponsors.html\n M fundchamps_mvp_refactored/templates/components/macros.html\n M fundchamps_mvp_refactored/templates/layouts/base.html\n M fundchamps_mvp_refactored/templates/partials/about_section.html\n M fundchamps_mvp_refactored/templates/partials/header.html\n M hero_and_fundraiser_v2.html\n M marketing/poster.html\n M package-lock.json\n M package.json\n M partials/about_section.html\n M partials/tiers.html\n M polished_partials/about_section.html\n M polished_partials/impact_lockers_premium.html\n M polished_partials/tiers.html\n M postcss.config.cjs\n M public/ux/elite.css\n M public/ux/partials-announcement.html\n M public/ux/partials-donor-ticker.html\n M public/ux/partials-sponsors.html\n M routes.json\n M run.py\n M starforge_trimmed/app/templates/components/footer_min.html\n M starforge_trimmed/app/templates/components/header_about.html\n M starforge_trimmed/app/templates/components/hero_card.html\n M starforge_trimmed/app/templates/components/impact_grid.html\n M starforge_trimmed/app/templates/components/tiers_grid.html\n M starforge_v2_1/app/templates/partials/mobile_dock.html\n M starforge_v2_1/snippets/hero_and_fundraiser__inner.html\n M starforge_v2_1/snippets/impact__card_block.html\n M starforge_v2_1/snippets/tiers__card_block.html\n M static/css/qr-badge.css\n M sv_elite_legendary_sections/README.md\n M sv_elite_legendary_sections/README_SV_Elite_Legendary.md\n M sv_elite_legendary_sections/README_v1.1.md\n M sv_elite_legendary_sections/footer.html\n M sv_elite_legendary_sections/header_and_announcement.html\n M sv_elite_legendary_sections/hero-compact-pro/README.md\n M sv_elite_legendary_sections/hero-compact-pro/static/css/hero-compact-pro.css\n M sv_elite_legendary_sections/hero-compact-pro/templates/hero/_left.html\n M sv_elite_legendary_sections/hero-compact-pro/templates/hero/_rail.html\n M sv_elite_legendary_sections/hero-compact-pro/templates/hero/hero.html\n M sv_elite_legendary_sections/hero_and_fundraiser.html\n M sv_elite_legendary_sections/hero_and_fundraiser_horizontal_dock.html\n M sv_elite_legendary_sections/hero_and_fundraiser_v2.html\n M sv_elite_legendary_sections/hero_compact_pro_v7_9.html\n M sv_elite_legendary_sections/newsletter.html\n M sv_elite_legendary_sections/sponsor_leaderboard.html\n M sv_elite_legendary_sections/templates/hero/_donation_rail_compact.html\n M sv_elite_legendary_sections/templates/hero/_story_left_compact.html\n M sv_elite_legendary_sections/templates/hero_and_fundraiser.html\n M tailwind.config.mjs\n M templates/bundles/fundchamps_starforge_ui_ux_elite_enhancement_v3.html\n M tests/conftest.py\n M tests/test_helpers.py\n M yarn.lock\n?? .id_audit_report.txt\n?? _archive/20250825-233219/app/templates/premium/flash_and_onboarding_premium.html.bak\n?? _archive/20250825-233219/app/templates/premium/funds_allocation_bar_premium.html.bak\n?? _archive/20250825-233219/app/templates/premium/impact_challenge_coaches_premium.html.bak\n?? _archive/20250825-233219/app/templates/premium/impact_lockers_premium.html.bak\n?? _archive/20250825-233219/app/templates/shared/macros.html.bak\n?? _archive/20250825-233219/app/templates/shared/shared/components/about_section.html.bak\n?? _archive/20250825-233219/app/templates/shared/ui_bootstrap.html.bak\n?? _archive/20250825-233219/backups/2025-08-18-1700/admin/admin_onboarding_popover.html.bak\n?? _archive/20250825-233219/backups/2025-08-18-1700/admin/ai_concierge.html.bak\n?? _archive/20250825-233219/backups/2025-08-18-1700/admin/base.html.bak\n?? _archive/20250825-233219/backups/2025-08-18-1700/admin/dashboard.html.bak\n?? _archive/20250825-233219/backups/2025-08-18-1700/admin/sponsors.html.bak\n?? _archive/20250825-233219/backups/2025-08-18-1700/partials/about_section.html.bak\n?? _archive/20250825-233219/backups/2025-08-18-1700/partials/back_to_top.html.bak\n?? _archive/20250825-233219/backups/2025-08-18-1700/partials/donation_modal.html.bak\n?? _archive/20250825-233219/backups/2025-08-18-1700/partials/footer.html.bak\n?? _archive/20250825-233219/backups/2025-08-18-1700/partials/fundraiser_meter.html.bak\n?? _archive/20250825-233219/backups/2025-08-18-1700/partials/header_and_announcement.html.bak\n?? _archive/20250825-233219/backups/2025-08-18-1700/partials/header_sponsor_ticker.html.bak\n?? _archive/20250825-233219/backups/2025-08-18-1700/partials/hero_and_fundraiser.html.bak\n?? _archive/20250825-233219/backups/2025-08-18-1700/partials/layout_bands.html.bak\n?? _archive/20250825-233219/backups/2025-08-18-1700/partials/meter_strip.html.bak\n?? _archive/20250825-233219/backups/2025-08-18-1700/partials/newsletter.html.bak\n?? _archive/20250825-233219/backups/2025-08-18-1700/partials/program_stats_and_calendar.html.bak\n?? _archive/20250825-233219/backups/2025-08-18-1700/partials/sponsor_form.html.bak\n?? _archive/20250825-233219/backups/2025-08-18-1700/partials/sponsor_hub.html.bak\n?? _archive/20250825-233219/backups/2025-08-18-1700/partials/sponsor_spotlight.html.bak\n?? _archive/20250825-233219/backups/2025-08-18-1700/partials/sponsor_wall.html.bak\n?? _archive/20250825-233219/backups/2025-08-18-1700/partials/sponsor_wall_widget.html.bak\n?? _archive/20250825-233219/backups/2025-08-18-1700/partials/sticky_cta_manager.html.bak\n?? _archive/20250825-233219/backups/2025-08-18-1700/partials/tiers.html.bak\n?? _archive/20250825-233219/backups/2025-08-18-1700/premium/flash_and_onboarding_premium.html.bak\n?? _archive/20250825-233219/backups/2025-08-18-1700/premium/funds_allocation_bar_premium.html.bak\n?? _archive/20250825-233219/backups/2025-08-18-1700/premium/impact_challenge_coaches_premium.html.bak\n?? _archive/20250825-233219/backups/2025-08-18-1700/premium/impact_lockers_premium.html.bak\n?? _archive/20250825-233219/backups/2025-08-18-1700/shared/macros.html.bak\n?? _archive/20250825-233219/backups/2025-08-18-1700/shared/ui_bootstrap.html.bak\n?? _archive/20250825-233219/partials_bundle_2025-08-20/app/templates/partials/about_section.html.bak\n?? _archive/20250825-233219/partials_bundle_2025-08-20/app/templates/partials/admin_onboarding_popover.html.bak\n?? _archive/20250825-233219/partials_bundle_2025-08-20/app/templates/partials/ai_concierge.html.bak\n?? _archive/20250825-233219/partials_bundle_2025-08-20/app/templates/partials/back_to_top.html.bak\n?? _archive/20250825-233219/partials_bundle_2025-08-20/app/templates/partials/donation_modal.html.bak\n?? _archive/20250825-233219/partials_bundle_2025-08-20/app/templates/partials/faq_minimal.html.bak\n?? _archive/20250825-233219/partials_bundle_2025-08-20/app/templates/partials/flash_and_onboarding_premium.html.bak\n?? _archive/20250825-233219/partials_bundle_2025-08-20/app/templates/partials/footer.html.bak\n?? _archive/20250825-233219/partials_bundle_2025-08-20/app/templates/partials/fundraiser_meter.html.bak\n?? _archive/20250825-233219/partials_bundle_2025-08-20/app/templates/partials/funds_allocation_bar_premium.html.bak\n?? _archive/20250825-233219/partials_bundle_2025-08-20/app/templates/partials/header_and_announcement.html.bak\n?? _archive/20250825-233219/partials_bundle_2025-08-20/app/templates/partials/header_sponsor_ticker.html.bak\n?? _archive/20250825-233219/partials_bundle_2025-08-20/app/templates/partials/hero_and_fundraiser.html.bak\n?? _archive/20250825-233219/partials_bundle_2025-08-20/app/templates/partials/impact_challenge_coaches_premium.html.bak\n?? _archive/20250825-233219/partials_bundle_2025-08-20/app/templates/partials/impact_lockers_premium.html.bak\n?? _archive/20250825-233219/partials_bundle_2025-08-20/app/templates/partials/layout_bands.html.bak\n?? _archive/20250825-233219/partials_bundle_2025-08-20/app/templates/partials/macros.html.bak\n?? _archive/20250825-233219/partials_bundle_2025-08-20/app/templates/partials/meter_strip.html.bak\n?? _archive/20250825-233219/partials_bundle_2025-08-20/app/templates/partials/newsletter.html.bak\n?? _archive/20250825-233219/partials_bundle_2025-08-20/app/templates/partials/program_stats_and_calendar.html.bak\n?? _archive/20250825-233219/partials_bundle_2025-08-20/app/templates/partials/sponsor_form.html.bak\n?? _archive/20250825-233219/partials_bundle_2025-08-20/app/templates/partials/sponsor_hub.html.bak\n?? _archive/20250825-233219/partials_bundle_2025-08-20/app/templates/partials/sponsor_spotlight.html.bak\n?? _archive/20250825-233219/partials_bundle_2025-08-20/app/templates/partials/sponsor_ticker.html.bak\n?? _archive/20250825-233219/partials_bundle_2025-08-20/app/templates/partials/sponsor_wall.html.bak\n?? _archive/20250825-233219/partials_bundle_2025-08-20/app/templates/partials/sponsor_wall_widget.html.bak\n?? _archive/20250825-233219/partials_bundle_2025-08-20/app/templates/partials/sticky_cta_manager.html.bak\n?? _archive/20250825-233219/partials_bundle_2025-08-20/app/templates/partials/testimonial_popover.html.bak\n?? _archive/20250825-233219/partials_bundle_2025-08-20/app/templates/partials/testimonial_scrollbar.html.bak\n?? _archive/20250825-233219/partials_bundle_2025-08-20/app/templates/partials/tiers.html.bak\n?? _archive/20250825-233219/partials_bundle_2025-08-20/app/templates/partials/ui_bootstrap.html.bak\n?? _archive/20250825-233219/partials_bundle_extracted/app/templates/partials/about_section.html.bak\n?? _archive/20250825-233219/partials_bundle_extracted/app/templates/partials/admin_onboarding_popover.html.bak\n?? _archive/20250825-233219/partials_bundle_extracted/app/templates/partials/ai_concierge.html.bak\n?? _archive/20250825-233219/partials_bundle_extracted/app/templates/partials/back_to_top.html.bak\n?? _archive/20250825-233219/partials_bundle_extracted/app/templates/partials/donation_modal.html.bak\n?? _archive/20250825-233219/partials_bundle_extracted/app/templates/partials/faq_minimal.html.bak\n?? _archive/20250825-233219/partials_bundle_extracted/app/templates/partials/flash_and_onboarding_premium.html.bak\n?? _archive/20250825-233219/partials_bundle_extracted/app/templates/partials/footer.html.bak\n?? _archive/20250825-233219/partials_bundle_extracted/app/templates/partials/fundraiser_meter.html.bak\n?? _archive/20250825-233219/partials_bundle_extracted/app/templates/partials/funds_allocation_bar_premium.html.bak\n?? _archive/20250825-233219/partials_bundle_extracted/app/templates/partials/header_and_announcement.html.bak\n?? _archive/20250825-233219/partials_bundle_extracted/app/templates/partials/header_sponsor_ticker.html.bak\n?? _archive/20250825-233219/partials_bundle_extracted/app/templates/partials/hero_and_fundraiser.html.bak\n?? _archive/20250825-233219/partials_bundle_extracted/app/templates/partials/impact_challenge_coaches_premium.html.bak\n?? _archive/20250825-233219/partials_bundle_extracted/app/templates/partials/impact_lockers_premium.html.bak\n?? _archive/20250825-233219/partials_bundle_extracted/app/templates/partials/layout_bands.html.bak\n?? _archive/20250825-233219/partials_bundle_extracted/app/templates/partials/macros.html.bak\n?? _archive/20250825-233219/partials_bundle_extracted/app/templates/partials/meter_strip.html.bak\n?? _archive/20250825-233219/partials_bundle_extracted/app/templates/partials/newsletter.html.bak\n?? _archive/20250825-233219/partials_bundle_extracted/app/templates/partials/program_stats_and_calendar.html.bak\n?? _archive/20250825-233219/partials_bundle_extracted/app/templates/partials/sponsor_form.html.bak\n?? _archive/20250825-233219/partials_bundle_extracted/app/templates/partials/sponsor_hub.html.bak\n?? _archive/20250825-233219/partials_bundle_extracted/app/templates/partials/sponsor_spotlight.html.bak\n?? _archive/20250825-233219/partials_bundle_extracted/app/templates/partials/sponsor_ticker.html.bak\n?? _archive/20250825-233219/partials_bundle_extracted/app/templates/partials/sponsor_wall.html.bak\n?? _archive/20250825-233219/partials_bundle_extracted/app/templates/partials/sponsor_wall_widget.html.bak\n?? _archive/20250825-233219/partials_bundle_extracted/app/templates/partials/sticky_cta_manager.html.bak\n?? _archive/20250825-233219/partials_bundle_extracted/app/templates/partials/testimonial_popover.html.bak\n?? _archive/20250825-233219/partials_bundle_extracted/app/templates/partials/testimonial_scrollbar.html.bak\n?? _archive/20250825-233219/partials_bundle_extracted/app/templates/partials/tiers.html.bak\n?? _archive/20250825-233219/partials_bundle_extracted/app/templates/partials/ui_bootstrap.html.bak\n?? app.py\n?? app/admin/dashboard.html.bak\n?? app/blueprints/embed.py\n?? app/routes/api_safetynet.py\n?? app/static/_unused/20250812/alpine.min.js.br\n?? app/static/_unused/20250812/alpine.min.js.gz\n?? app/static/_unused/20250812/confetti.js.br\n?? app/static/_unused/20250812/confetti.js.gz\n?? app/static/_unused/20250812/htmx.min.js.br\n?? app/static/_unused/20250812/htmx.min.js.gz\n?? app/static/_unused/20250812/main.js.br\n?? app/static/_unused/20250812/main.js.gz\n?? app/static/_unused/20250812/quotes.js.br\n?? app/static/_unused/20250812/quotes.js.gz\n?? app/static/_unused/20250812/robots.txt.br\n?? app/static/_unused/20250812/robots.txt.gz\n?? app/static/_unused/20250812/socket.io.js.br\n?? app/static/_unused/20250812/socket.io.js.gz\n?? app/static/asset-manifest.json.br\n?? app/static/asset-manifest.json.gz\n?? app/static/css/_fc-rhythm.css.br\n?? app/static/css/_fc-rhythm.css.gz\n?? app/static/css/app.min.css.br\n?? app/static/css/app.min.css.gz\n?? app/static/css/fc-hero.v6.1.css.br\n?? app/static/css/fc-hero.v6.1.css.gz\n?? app/static/css/fc-prestige-unified.css.br\n?? app/static/css/fc-prestige-unified.css.gz\n?? app/static/css/fc-tokens.css.br\n?? app/static/css/fc-tokens.css.gz\n?? app/static/css/fc.final-polish.css\n?? app/static/css/fc_elite.css.br\n?? app/static/css/fc_elite.css.gz\n?? app/static/css/fc_holo.css.br\n?? app/static/css/fc_holo.css.gz\n?? app/static/css/input.css.br\n?? app/static/css/input.css.gz\n?? app/static/css/min/\n?? app/static/css/output.css.br\n?? app/static/css/output.css.gz\n?? app/static/css/pro.css\n?? app/static/css/purged/\n?? app/static/css/starforge-additions.css.br\n?? app/static/css/starforge-additions.css.gz\n?? app/static/css/starforge-tokens.css.br\n?? app/static/css/starforge-tokens.css.gz\n?? app/static/css/starforge.min.css.br\n?? app/static/css/starforge.min.css.gz\n?? app/static/css/tailwind.min.css.br\n?? app/static/css/tailwind.min.css.gz\n?? app/static/css/themes.css.br\n?? app/static/css/themes.css.gz\n?? app/static/css/tokens.css.br\n?? app/static/css/tokens.css.gz\n?? app/static/css_backup/\n?? app/static/favicons/\n?? app/static/images/fundchamps-logo.svg.br\n?? app/static/images/fundchamps-logo.svg.gz\n?? app/static/images/hero/hero-lqip.txt.br\n?? app/static/images/hero/hero-lqip.txt.gz\n?? app/static/images/optimized/\n?? app/static/img/logo.svg.br\n?? app/static/img/logo.svg.gz\n?? app/static/js/app.bundle.js\n?? app/static/js/app.bundle.js.br\n?? app/static/js/app.bundle.js.gz\n?? app/static/js/app.entry.js.br\n?? app/static/js/brand.js.br\n?? app/static/js/brand.js.gz\n?? app/static/js/bundle-meta.json.br\n?? app/static/js/bundle-meta.json.gz\n?? app/static/js/bundle-report.txt.br\n?? app/static/js/bundle-report.txt.gz\n?? app/static/js/bundle.min.js.br\n?? app/static/js/bundle.min.js.gz\n?? app/static/js/extracted/\n?? app/static/js/fc-hero.v6.1.js.br\n?? app/static/js/fc-hero.v6.1.js.gz\n?? app/static/js/fc-ui.js.br\n?? app/static/js/fc-ui.js.gz\n?? app/static/js/fc.final-ux.js\n?? app/static/js/fc_prestige.js.br\n?? app/static/js/fundchamps.autoEnhance.v1.mjs\n?? app/static/js/lazy-img.js.br\n?? app/static/js/lazy-img.js.gz\n?? app/static/js/payments.js.br\n?? app/static/js/pro.js\n?? app/static/js/qrcode.min.js.br\n?? app/static/js/qrcode.min.js.gz\n?? app/static/js/starforge_enhancements.js.br\n?? app/static/js/tiles-io.js\n?? app/static/js/ux.js.br\n?? app/static/js/ux.js.gz\n?? app/static/robots.txt.br\n?? app/static/robots.txt.gz\n?? app/static/sitemap.xml.br\n?? app/static/sitemap.xml.gz\n?? app/static/sw.js.br\n?? app/static/sw.js.gz\n?? app/static/ux/README-INSTALL.txt.br\n?? app/static/ux/README-INSTALL.txt.gz\n?? app/static/ux/ab.js.br\n?? app/static/ux/ab.js.gz\n?? app/static/ux/announcement.js.br\n?? app/static/ux/announcement.js.gz\n?? app/static/ux/autotag.js.br\n?? app/static/ux/autotag.js.gz\n?? app/static/ux/badges.js.br\n?? app/static/ux/badges.js.gz\n?? app/static/ux/base-core.css.br\n?? app/static/ux/base-core.css.gz\n?? app/static/ux/base-core.js.br\n?? app/static/ux/base-core.js.gz\n?? app/static/ux/confetti.js.br\n?? app/static/ux/confetti.js.gz\n?? app/static/ux/countdown.js.br\n?? app/static/ux/countdown.js.gz\n?? app/static/ux/counters.js.br\n?? app/static/ux/counters.js.gz\n?? app/static/ux/donate-modal.js.br\n?? app/static/ux/donate-modal.js.gz\n?? app/static/ux/elite.css.br\n?? app/static/ux/elite.css.gz\n?? app/static/ux/favicon.js.br\n?? app/static/ux/favicon.js.gz\n?? app/static/ux/formguard.js.br\n?? app/static/ux/formguard.js.gz\n?? app/static/ux/header.js.br\n?? app/static/ux/header.js.gz\n?? app/static/ux/hints.js.br\n?? app/static/ux/hints.js.gz\n?? app/static/ux/hotkeys.js.br\n?? app/static/ux/hotkeys.js.gz\n?? app/static/ux/init.js.br\n?? app/static/ux/init.js.gz\n?? app/static/ux/kiosk.js.br\n?? app/static/ux/kiosk.js.gz\n?? app/static/ux/lazyimg.js.br\n?? app/static/ux/lazyimg.js.gz\n?? app/static/ux/micro.js.br\n?? app/static/ux/micro.js.gz\n?? app/static/ux/page-fundraiser.css.br\n?? app/static/ux/page-fundraiser.css.gz\n?? app/static/ux/page-fundraiser.js.br\n?? app/static/ux/page-fundraiser.js.gz\n?? app/static/ux/partials-announcement.html.bak\n?? app/static/ux/partials-donor-ticker.html.bak\n?? app/static/ux/partials-sponsors.html.bak\n?? app/static/ux/pro.js.br\n?? app/static/ux/pro.js.gz\n?? app/static/ux/pwa.js.br\n?? app/static/ux/pwa.js.gz\n?? app/static/ux/share.js.br\n?? app/static/ux/share.js.gz\n?? app/static/ux/skeleton.js.br\n?? app/static/ux/skeleton.js.gz\n?? app/static/ux/smartpay.js.br\n?? app/static/ux/smartpay.js.gz\n?? app/static/ux/sponsors.js.br\n?? app/static/ux/sponsors.js.gz\n?? app/static/ux/stripe-seal.svg.br\n?? app/static/ux/stripe-seal.svg.gz\n?? app/static/ux/stripe.js.br\n?? app/static/ux/stripe.js.gz\n?? app/static/ux/sw.js.br\n?? app/static/ux/sw.js.gz\n?? app/static/ux/theme.js.br\n?? app/static/ux/theme.js.gz\n?? app/static/ux/ticker.js.br\n?? app/static/ux/ticker.js.gz\n?? app/static/ux/utm.js.br\n?? app/static/ux/utm.js.gz\n?? app/static/workbox-36eaa392.js\n?? app/static/workbox-36eaa392.js.br\n?? app/static/workbox-36eaa392.js.gz\n?? app/templates/base.html.bak-20250927-151938\n?? app/templates/base.html.bak.20251002095835\n?? app/templates/components/sticky_dock.html.bak\n?? app/templates/dev/stripe_smoke.html.bak\n?? app/templates/embed/\n?? app/templates/index.html.bak.1759648554\n?? app/templates/partials/_autopatch.html.bak\n?? app/templates/partials/_core_helpers.html.bak\n?? app/templates/partials/_elite_header.html.bak\n?? app/templates/partials/_fmt.html.bak\n?? app/templates/partials/_nonce.html.bak\n?? app/templates/partials/_scoreboard_panel.html\n?? app/templates/partials/_ux_includes.html.bak\n?? app/templates/partials/fc-tiles.html\n?? app/templates/partials/fc-tiles.html.bak\n?? app/templates/partials/forms.html.bak\n?? app/templates/partials/hero_bar.html.bak\n?? app/templates/partials/hero_neo.html.bak\n?? app/templates/partials/home_neo.html.bak\n?? app/templates/partials/mobile_dock.html.bak\n?? app/templates/partials/section_about.html.bak\n?? app/templates/partials/section_impact.html.bak\n?? app/templates/partials/section_tiers.html.bak\n?? app/templates/partials/sponsor_leaderboard.html.bak\n?? app/templates/partials/tiles_3grid_sheet.html.bak\n?? app/templates/tiers.html\n?? app/templates/tiers.html.bak\n?? app/templates/tiers_sheet.html\n?? app/templates/tiers_sheet.html.bak\n?? app/templates_backup/\n?? audit_ids.py\n?? autopatch_agency_polish.py\n?? batch_polish.py\n?? build_deploy.sh\n?? ci/sanity-css.sh\n?? css-selectors.txt\n?? fc-hero-sv-elite-6.2.html.bak\n?? fc_batch_scope.py\n?? fc_extract_and_scope.py\n?? fundchamps-ready/templates/base.html.bak\n?? fundchamps-ready/templates/index.html.bak\n?? fundchamps-ready/templates/partials/hero_and_fundraiser.html.bak\n?? fundchamps-ready/templates/partials/sponsor_leaderboard.html.bak\n?? fundchamps-ready/templates/partials/tiers.html.bak\n?? fundchamps_debug.py\n?? fundchamps_layout_polish.py\n?? fundchamps_mvp_refactored/app/admin/dashboard.html.bak\n?? fundchamps_mvp_refactored/app/templates/macros/about.html.bak\n?? fundchamps_mvp_refactored/app/templates/macros/hero.html.bak\n?? fundchamps_mvp_refactored/app/templates/macros/sections.html.bak\n?? fundchamps_mvp_refactored/app/templates/macros/tiers.html.bak\n?? fundchamps_mvp_refactored/templates/components/macros.html.bak\n?? fundchamps_mvp_refactored/templates/layouts/base.html.bak\n?? fundchamps_mvp_refactored/templates/partials/about_section.html.bak\n?? fundchamps_mvp_refactored/templates/partials/header.html.bak\n?? hero-grid-bridge.patch\n?? hero_and_fundraiser_v2.html.bak\n?? marketing/poster.html.bak\n?? my-bundle.zip\n?? partials/about_section.html.bak\n?? partials/tiers.html.bak\n?? patch-style\n?? patch-style.py\n?? patch_csrf.py\n?? patch_hero.py\n?? patch_nonce_embeds.py\n?? polish_audit.py\n?? polish_fundchamps.sh\n?? polished_partials/about_section.html.bak\n?? polished_partials/impact_lockers_premium.html.bak\n?? polished_partials/tiers.html.bak\n?? pre_neo_backup.sql\n?? public/ux/partials-announcement.html.bak\n?? public/ux/partials-donor-ticker.html.bak\n?? public/ux/partials-sponsors.html.bak\n?? purgecss.config.cjs\n?? scripts/check_rail.sh\n?? scripts/check_ticker.sh\n?? scripts/gen-sitemap.mjs\n?? scripts/img-optimize.mjs\n?? scripts/upscale.sh\n?? ship-check.sh\n?? starforge_trimmed/app/templates/components/footer_min.html.bak\n?? starforge_trimmed/app/templates/components/header_about.html.bak\n?? starforge_trimmed/app/templates/components/hero_card.html.bak\n?? starforge_trimmed/app/templates/components/impact_grid.html.bak\n?? starforge_trimmed/app/templates/components/tiers_grid.html.bak\n?? starforge_v2_1/app/templates/partials/mobile_dock.html.bak\n?? starforge_v2_1/snippets/hero_and_fundraiser__inner.html.bak\n?? starforge_v2_1/snippets/impact__card_block.html.bak\n?? starforge_v2_1/snippets/tiers__card_block.html.bak\n?? static/css/about_sheet.scoped.css\n?? static/css/fc-about.scoped.css\n?? static/css/fc-impact.scoped.css\n?? static/css/fc-tiers.scoped.css\n?? static/css/hero.css\n?? static/css/hero.patched.css\n?? static/css/hero.tmp\n?? static/css/impact_sheet.scoped.css\n?? static/css/tiers_sheet.scoped.css\n?? static/js/fundchamps.autoEnhance.v1.mjs\n?? static/js/hero.js\n?? sv_elite_legendary_sections/footer.html.bak\n?? sv_elite_legendary_sections/header_and_announcement.html.bak\n?? sv_elite_legendary_sections/hero-compact-pro/templates/hero/_left.html.bak\n?? sv_elite_legendary_sections/hero-compact-pro/templates/hero/_rail.html.bak\n?? sv_elite_legendary_sections/hero-compact-pro/templates/hero/hero.html.bak\n?? sv_elite_legendary_sections/hero_and_fundraiser.html.bak\n?? sv_elite_legendary_sections/hero_and_fundraiser_horizontal_dock.html.bak\n?? sv_elite_legendary_sections/hero_and_fundraiser_v2.html.bak\n?? sv_elite_legendary_sections/hero_compact_pro_v7_9.html.bak\n?? sv_elite_legendary_sections/newsletter.html.bak\n?? sv_elite_legendary_sections/sponsor_leaderboard.html.bak\n?? sv_elite_legendary_sections/templates/hero/_donation_rail_compact.html.bak\n?? sv_elite_legendary_sections/templates/hero/_story_left_compact.html.bak\n?? sv_elite_legendary_sections/templates/hero_and_fundraiser.html.bak\n?? template-selectors.txt\n?? templates/base.html\n?? templates/base.html.bak\n?? templates/bundles/fundchamps_starforge_ui_ux_elite_enhancement_v3.html.bak\n?? templates/components/\n?? templates/pages/\n?? tests/test_csrf.py\n?? tools/make_bundle.py\n?? tools/move_inline_js.py\n?? tools/patch_insert_with_nonce.py\n?? tools/patch_nonce_attrs.py\n?? unused-css.txt\n?? workbox.config.cjs"
}